,Title,Survived
16,Sir,1.0
2,Countess,1.0
14,Ms,1.0
11,Mme,1.0
6,Lady,1.0
10,Mlle,1.0
13,Mrs,0.792
9,Miss,0.6978021978021978
8,Master,0.575
1,Col,0.5
7,Major,0.5
4,Dr,0.42857142857142855
12,Mr,0.15667311411992263
5,Jonkheer,0.0
3,Don,0.0
15,Rev,0.0
0,Capt,0.0
